{
  "project_info": {
    "project_number": "507452214820",
    "firebase_url": "https://chatonlineflutter-39832.firebaseio.com",
    "project_id": "chatonlineflutter-39832",
    "storage_bucket": "chatonlineflutter-39832.appspot.com"
  },
  "client": [
    {
      "client_info": {
        "mobilesdk_app_id": "1:507452214820:android:bc2e2653c4dae4c8cb12b1",
        "android_client_info": {
          "package_name": "br.com.diogenes.bate_papo"
        }
      },
      "oauth_client": [
        {
          "client_id": "507452214820-mk30sui1lc48occk88bl19c9re6po7di.apps.googleusercontent.com",
          "client_type": 1,
          "android_info": {
            "package_name": "br.com.diogenes.bate_papo",
            "certificate_hash": "77b4feaf1480ec05a986fef73a1aad81745e2298"
          }
        },
        {
          "client_id": "507452214820-0kjdrbe2tsufekvu4enfo9ijaq9dacna.apps.googleusercontent.com",
          "client_type": 3
        }
      ],
      "api_key": [
        {
          "current_key": "AIzaSyAX3jBJwEatknsGn49aLmwodeai6vJks_E"
        }
      ],
      "services": {
        "appinvite_service": {
          "other_platform_oauth_client": [
            {
              "client_id": "507452214820-0kjdrbe2tsufekvu4enfo9ijaq9dacna.apps.googleusercontent.com",
              "client_type": 3
            }
          ]
        }
      }
    }
  ],
  "configuration_version": "1"
}